predicted_probability_bin,observed_win_rate
0.0025127487597745323,0.003789074834227976
0.002517755811458082,0.0
0.0025179445562529663,0.0
0.002518034799928479,0.0
0.0025181049447521864,0.0
0.0025522193805889164,0.012950094756790903
0.6749997063660244,0.584017687934302
0.9927468117798018,0.9974731522425774
0.9927533604900354,0.9974731522425774
0.9928167710940871,0.9744237448689612
