fg_classification,trades,total_pnl,mean_pnl,hit_rate
Fear,4342,328774.0927389426,75.71950546728296,95.34776600644864
Greed,4983,351436.49808953714,70.52709172978871,92.29379891631547
Neutral,2427,203271.29844101286,83.754140272358,90.89410795220438
