regime,trades,total_pnl,mean_pnl,hit_rate
Fear,51994,5913516.588827267,113.734596084688,96.23995076354964
Greed,29344,2985917.8105881503,101.75565057893097,92.55043620501637
Extreme Fear,17870,2233707.8382906523,124.99764064301355,94.6446558477896
Neutral,27648,2162044.073562,78.19893205881077,95.37037037037037
Extreme Greed,17024,1303928.2740373814,76.59353113471461,95.37711466165413
