regime,trades,total_pnl,mean_pnl,hit_rate
Extreme Fear,9089,1484289.17867,163.30610393552647,93.94872923313896
Extreme Greed,9273,971358.155237,104.7512299403645,94.83446565297099
Fear,26167,3247647.118697,124.11232157668056,95.71597814040585
Greed,15831,2427970.859553,153.36812959086603,92.05356578864253
Neutral,14495,1478818.41032,102.02265680027595,94.36357364608486
