regime,trades,total_pnl,mean_pnl,hit_rate
Extreme Fear,9638,1366175.3877425934,141.74884703699868,91.21186968250674
Extreme Greed,9521,864506.4670168929,90.79996502645656,93.45656968805798
Fear,26869,3104644.2854265235,115.5474444685892,93.8925899735755
Greed,16466,1880053.5587336698,114.17791562818351,89.01372525203449
Neutral,13749,931464.2537044219,67.74778192627987,89.22830751327369
