extra_cost_bps,total_pnl,max_drawdown,profit_factor
0,1034275.8101088639,-1825.8015403627069,66.59804757745184
5,951205.6337088638,-1842.8826203627395,50.21848308411232
10,868135.4573088639,-7312.985687642416,27.069407844076757
20,701995.1045088639,-25831.43279764196,11.211603834921817
30,535854.7517088638,-44349.879907642026,5.205567491061785
50,203574.04610886384,-90661.59035140343,1.6594477383256168
